comment,sentiment,comment_date,comment_year,comment_score,post_title,post_date
what is the offer?,neutral,2021-03-02,2021,1,Best and Cheap Trading Platforms in India for Beginners with Less Brokerage and AMC,2021-02-15
Bill Gates watching the fun from the sidelines while orchestrating the whole thing from the inside!!,neutral,2025-09-06,2025,2,Trump MADE IN AMERICA,2025-09-05
Listen to dad next time.,bullish,2025-09-05,2025,20,Biggest blunder I did this yearğŸ¥²,2025-09-05
Time in the market always beats timing the market,neutral,2025-09-05,2025,3,Biggest blunder I did this yearğŸ¥²,2025-09-05
Bhai 5L ak stock me dal or 7 8% return leke profit Book kro simple,bullish,2025-09-05,2025,1,Biggest blunder I did this yearğŸ¥²,2025-09-05
"Bhai pls stock ka fundamentals aur news dekh ke invest kro, Itna bhi time nhi lgta research krne me!",bullish,2025-09-06,2025,1,Is it good stock for long term?,2025-09-06
Stock market holiday today was shifted to Monday. It was open today.,neutral,2025-09-05,2025,1,What happened to BSE today?,2025-09-05
"Bhai kya is stock me  kisi aur  company nahi bc itne aache stock pada hai market me lekin inko kya batao 

Sahi hai hold kar jaayega 120 1 week me

Chhod bhai gaali dena ka maan kar rha hai",bullish,2025-09-06,2025,1,OLA - Shares,2025-09-06
Ha 300 jaayega September me patient rakh tu bhi agar hai to tere pass,neutral,2025-09-06,2025,1,OLA - Shares,2025-09-06
"7000 cror aur 3500 crore unke stocks 80 aur 50 hai 
Aur jinke pass 1 lakh hai unke 20-25 stocks hai dono me jameen asman ka antar hai 
Aur mai ye 100% sure hu tumhe 1 kaudi ka knowledge nahi hai market ka tumne jo apna 12X ka mangadhant kahani banayi hai saal ma 220% wali us hisab se tum is planet ke sabse bade trader ho ğŸ˜‚ğŸ˜‚",bearish,2025-09-06,2025,1,"If you have low capital, focus on 1-2 high conviction stocks instead of a 20+ stock portfolio",2025-09-05
U can share in message,neutral,2025-09-05,2025,1,Portfolio Dicuss/Advice,2025-09-05
Apply kyu kiya tha ipo mai,neutral,2025-09-05,2025,1,Stuck in Gem aromatics,2025-09-05
This is pussy stock,bullish,2025-09-04,2025,47,should i buy ?,2025-09-04
"Yes buy it and wait for another 60-70 years to get profit from this stock... 

Tum log wahi ho jo saste hain isliye kharab seb uthake late ho",bullish,2025-09-04,2025,19,should i buy ?,2025-09-04
Sure if u want to live in hope,bullish,2025-09-04,2025,7,should i buy ?,2025-09-04
Ha buy karlo 100 jaa sakta hai 2026 me  daba ke buy karo,bullish,2025-09-04,2025,6,should i buy ?,2025-09-04
bhai jada paisa aa gya hai to mujhe bhej de,neutral,2025-09-04,2025,3,should i buy ?,2025-09-04
Fundamentally a very bad stock,bearish,2025-09-04,2025,1,should i buy ?,2025-09-04
"Not to buy the vodafone idea share, as the company has too much debt.",bullish,2025-09-05,2025,1,should i buy ?,2025-09-04
Ha bhai kharid lo agar dimag nahi hai to,neutral,2025-09-05,2025,1,should i buy ?,2025-09-04
karle bhai YOLO,neutral,2025-09-05,2025,1,should i buy ?,2025-09-04
Lal hai pura thela lal hai,neutral,2025-09-05,2025,1,Help me with suggestions on RED stocks,2025-09-04
Suggestion: Stop buying before studying the stock market.,bullish,2025-09-05,2025,1,Help me with suggestions on RED stocks,2025-09-04
Diversification left the chat ğŸ¤£,neutral,2025-09-05,2025,2,Help me with suggestions on RED stocks,2025-09-04
Bhai portfolio hai ke sabzi mandiğŸ˜­ sabkuch thoda thoda...or wo last share to sachme hi bekar h,neutral,2025-09-04,2025,2,Roast my portfolio ğŸ˜­,2025-09-04
Ek cold coffee bhi na aaye is pe,neutral,2025-09-05,2025,1,Roast my portfolio ğŸ˜­,2025-09-04
Sare to loss making h,bearish,2025-09-05,2025,1,Roast my portfolio ğŸ˜­,2025-09-04
OP Are you happy???,neutral,2025-09-05,2025,1,Roast my portfolio ğŸ˜­,2025-09-04
Yess sir got it .,neutral,2025-09-04,2025,2,Roast my portfolio ğŸ˜­,2025-09-04
Muje ek baat batao jab ipo listing gain hi nhi dete toh ye ipos itne jada subscribe kyu rehte ha,bullish,2025-09-04,2025,4,Vikram Solar!!?,2025-09-04
"Stock Continues to fallâ€¦
Buy high sell low",neutral,2025-09-05,2025,1,Vikram Solar!!?,2025-09-04
"Haan Bhai, saayd market sentiment ki wjh se ..? Not sure",neutral,2025-09-04,2025,2,Vikram Solar!!?,2025-09-04
Time to short Eicher Motors?,neutral,2025-09-03,2025,1,New GST rates,2025-09-03
Me calculating the amount he is invested in...,bullish,2025-09-06,2025,1,Roast my portfolio,2025-09-03
And book a loss?,bearish,2025-09-03,2025,0,Roast my portfolio,2025-09-03
I don't mind losing this money I'm just trying to understand the market,neutral,2025-09-03,2025,1,Roast my portfolio,2025-09-03
ğŸ˜”ğŸ’” paiso ki Kami lalaÂ ,neutral,2025-09-04,2025,1,Roast my portfolio,2025-09-03
Link de de bhai,neutral,2025-09-04,2025,1,AI traders making money â€“ testing one right now,2025-09-03
Maii kaunsa stock looon bhaiyon merii agle saal shaadii haii thoda paisa jodna haii,neutral,2025-09-03,2025,2,Any advise is appreciated,2025-09-03
I make sure to invest atleast 1 lakh in a stock before moving onto the next one.,bullish,2025-09-05,2025,2,Any advise is appreciated,2025-09-03
Lmao 10 years? And what makes u believe the stock market is not going to crash ?,neutral,2025-09-03,2025,1,Are these good for long term hold (10 years). Moderate Risk appetite.,2025-09-03
Bhai ye kya sabzimandi hğŸ˜­ğŸ˜­,neutral,2025-09-05,2025,1,My portfolio after 5 months should I need to change any thing?,2025-09-03
Increase your time frame to 5 years or 10 years. Maybe that will be a good way to compare stock market,bullish,2025-09-02,2025,3,India has been the worst performing market in the world over the past 1 year.,2025-09-02
Still makes good profit ğŸ˜Š,bullish,2025-09-02,2025,7,India has been the worst performing market in the world over the past 1 year.,2025-09-02
Go and check the market,neutral,2025-09-04,2025,1,Need help from the experts,2025-09-02
Book your profit,bullish,2025-09-04,2025,1,Should I book profit or hold in these stocks?,2025-09-03
Reliance needs to go,neutral,2025-09-02,2025,-2,Need to free up money ! What should i sell ?,2025-09-02
Bhai jab kholta hu 2-4% aur gira dikhta hai ğŸ˜¢,bearish,2025-09-02,2025,2,Need help!! What should I do? ğŸ˜­,2025-09-02
Itâ€™s a good stock,bullish,2025-09-02,2025,1,Green Day!,2025-09-01
Are bhai. Green Day ka song hai ye. ğŸ˜‘,neutral,2025-09-02,2025,3,Green Day!,2025-09-01
3000 ke loss pe cooked ğŸ˜‚,bearish,2025-09-02,2025,3,Am i Cooked?,2025-09-01
"
Yeh kuch nhi bhai some people be like â€œ35 lakh ka toh humara investment hai ya 36 lakh ka ghata kaise hogaya bhai?ğŸ˜‚",bullish,2025-09-02,2025,2,Am i Cooked?,2025-09-01
DLF kab liya tha,neutral,2025-09-01,2025,1,Am i Cooked?,2025-09-01
Bro I lost 1 lakh today ğŸ˜•,neutral,2025-09-04,2025,1,Am i Cooked?,2025-09-01
trim it to 5-8 stocks,neutral,2025-09-02,2025,1,review my folio,2025-09-01
"Jiska koi nhi hota, uska op hota hai",neutral,2025-09-02,2025,1,Advice.,2025-09-01
125 ka profit hai niklo and enjoy karo life,bullish,2025-09-02,2025,1,Advice.,2025-09-01
Bhai ko sasta maal chahiye 50 ke under esliye,neutral,2025-09-01,2025,2,Advice.,2025-09-01
Avoid ...hopeless business,bearish,2025-09-01,2025,1,Idfc Bank stock,2025-08-31
Tumhra vision kya hai? Long term or short term? Agar short term hai 4-5% ki game ka..to buy kr lo..but long term ke liye to bekaar share hai...pichle 9 saal mai koi return nahi dia isne...,bullish,2025-08-31,2025,1,Idfc Bank stock,2025-08-31
Ha sell ke liye jaa sakte ho...bas 65 pe ek support hai .usko bhi todega to or niche jayega...,bearish,2025-08-31,2025,1,Idfc Bank stock,2025-08-31
"Sorry brother long term ke liye upside mai koi view nahi mera ...kyuki ache return nahi diye isne ab tak...iska aap chart dekhogey to aap khud smjh jaogey 2016 se ab tak isne kaisa performance dia hai...next 10 saal or aise nikaal diye to koi badi baat nahi... Sbi, pnb, canbank jaise bank much better than this ..",bearish,2025-08-31,2025,2,Idfc Bank stock,2025-08-31
"Ha bhai, you are 100% right,  hg infra me abhi invest kiya ja skta hai?",bullish,2025-08-31,2025,1,Idfc Bank stock,2025-08-31
Bhai hg infra mai agar buying krna chahte ho to 800 tak ka wait kr lo...ek ache down trend mai rha hai..and maybe ye continue rahega...jab tak koi isme positive news nahi ati tab tak buy mt kro...800 par ek badia support hai..waha tum thodi qty buy kr sakte ho...share acha hai...moves ayega to bada he ayega...but ek badiya positive news ka wait kro..abhi isme buyers active nahi hai..jab buyers ayengey..tab tumko khud badi badi candle banti dikhegi...,bullish,2025-08-31,2025,1,Idfc Bank stock,2025-08-31
The steps to hell ğŸ”¥,neutral,2025-09-02,2025,1,Kapil raj - hold or sell,2025-09-01
Bhai time to time stock ki analysis karni padti hai 19 stock kese manage karta hai tu ğŸ˜­,neutral,2025-09-01,2025,1,Am I coocked?,2025-08-31
Bhai unwanted correction lana aur logo ka paisa khana market ki aadat hai end me upar hi jayega but time khayega,bullish,2025-09-01,2025,1,Can you help me review my portfolio,2025-09-01
Bhai aise hi karte raho ek din bahut neeche jaoge,neutral,2025-08-31,2025,9,Roast me.,2025-08-31
"34000 ke stocks dikha kar kud ko bada trader soch raha hai..Matar ke daane sa porfolio hai, kya hee roast karu :D 

(thatâ€™s the roastâ€¦keep investing ğŸ‘)",neutral,2025-08-31,2025,5,Roast me.,2025-08-31
Phele kuch invest toh karle fir roast karege,bullish,2025-08-31,2025,2,Roast me.,2025-08-31
"Nothing new, newbies Transferring his wealth to experienced investors, à¤…à¤¬ bolege 6mahine me dekhna  1 saal me dekhna, fhalana dhinka, loss revenge karne aur jyada speculation karoge, wo bhi pani hojayega paisa

Zero fundamentals of all this stocks, isse acha FD me paisa banalete",bullish,2025-09-01,2025,1,Roast me.,2025-08-31
"Bhai log ola ke peeche kyu pade hai ğŸ¥²
Charts pe acha dikh raha hai but financially strong thodi hai",bullish,2025-09-04,2025,1,Roast me.,2025-08-31
Aaj to upar aa gya broğŸ¥²ğŸ¥²,bullish,2025-09-01,2025,1,Roast me.,2025-08-31
Like every other stock market analyst alias.,neutral,2025-09-01,2025,1,Roast me.,2025-08-31
Kon hai mr. Stocker finanacially strong aap hi bta dijiye??,bullish,2025-09-04,2025,1,Roast me.,2025-08-31
Ev par bet karna hai toh aether ko dekho ....uska chart he uska future bata rha hai,neutral,2025-08-31,2025,3,Roast me.,2025-08-31
How to study these,neutral,2025-09-01,2025,1,Beginner Advise,2025-08-31
Baadshah Broking ki reel dekhega to yahi sab kharidega. Amara Raja ko to wo sabko kharidwata hai. Modiji jaise China ke sath relation bna rahe hai sab jagah Chinese hi battery bikegi,neutral,2025-09-01,2025,2,Review,2025-08-31
Tell me about idfc,neutral,2025-08-31,2025,2,"Buy, sell or hold?",2025-08-31
How sure are you?,neutral,2025-09-02,2025,1,"Buy, sell or hold?",2025-08-31
Try to average the price.,neutral,2025-08-31,2025,1,How does my portfolio looks,2025-08-31
U entered in correct time enjoy the ride,neutral,2025-08-30,2025,2,ğŸ’€ MULTIBAGGER ?,2025-08-30
Advice from my fiancÃ© who makes 2 lakhs in trading apart from his 9to 5 job. Insaan aur market kabhi neeche nhi reh sakta . Dono rise hote hai . Abhi market down hai but it will rise will a boom in coming months ( 2 lakhs a month),bearish,2025-08-30,2025,1,Need some advice,2025-08-30
Thanks for the info,neutral,2025-08-30,2025,1,Need some advice,2025-08-30
Value half ho gyi dost... This is nonsense...,neutral,2025-08-31,2025,1,Am i cooked ?,2025-08-30
"Look at the stock now , its going to be rocket soon",neutral,2025-09-03,2025,1,Am i cooked ?,2025-08-30
Uthao bhai. Bhar bhar k uthao. Lekin 2500 par.,neutral,2025-08-30,2025,1,Should I average down or wait?,2025-08-30
"Yes, silver is the metal of the future.",neutral,2025-09-01,2025,1,"Did you expect this kind of growth? From â‚¹66,300 per kg in 2022 to a whopping â‚¹1,20,000 this August, silver has given back-to-back double-digit returns: 18.6%, 21.8%, and 25.3%.",2025-08-30
"Applied, but milega toh nahi I'm sureâ˜¹ï¸",neutral,2025-08-30,2025,1,How many of you applied on Current Infra IPO ?,2025-08-30
Bhai sab sahi kar raha h bas risk reward thik karle and you are in top 1%,bullish,2025-08-29,2025,1,Important lesson: 2 Galat Kadam poora profit Khatam!,2025-08-29
Laal nhi dekh paate to green deserve nhi karte ğŸ™,neutral,2025-08-29,2025,3,Kuch nhi kehna muze abhi,2025-08-29
BSE ğŸ™‚ Jab liye tabhi se down hona shuru ho gaye ğŸ™ƒ,neutral,2025-08-29,2025,2,Kuch nhi kehna muze abhi,2025-08-29
"Get used to it folks if you are new to stock market. 
Once I was on -70K and the same portfolio was on 24K for a couple of months after recovery.
Patience and conviction is the key. Rakesh uncle ke interviews sun lo thoda motivation chahiye to.",neutral,2025-08-29,2025,1,Kuch nhi kehna muze abhi,2025-08-29
Sab bech ke BSE me lgade,bearish,2025-08-30,2025,1,Kuch nhi kehna muze abhi,2025-08-29
Kaash mai iss lanth market me hi nhi aaya hota (mera bhi portfolio negative hai par hum invest karre ),bullish,2025-08-29,2025,1,Kuch nhi kehna muze abhi,2025-08-29
Adhikari brothers lele bhai,neutral,2025-08-29,2025,3,Any suggestion is welcome,2025-08-29
Any stock name you wanna share?,neutral,2025-08-29,2025,1,Any suggestion is welcome,2025-08-29
"Donâ€™t buy, ye aur girega 
Remember my friend 
â€œAgar tere stocks ka hua charcha 
Bhai tera hone wala hain kharcha â€œ",bullish,2025-08-28,2025,4,Is this a good time to invest in RECLTD?,2025-08-28
"Sure, if you want to catch a falling knife.",bullish,2025-08-28,2025,8,Is this a good time to invest in RECLTD?,2025-08-28
Sure if you are Warren Buffett and wishes to take over company,neutral,2025-08-31,2025,1,Is this a good time to invest in RECLTD?,2025-08-28
Bhai pls ache se btao kya kehrhe ho aap,neutral,2025-08-30,2025,1,Is this a good time to invest in RECLTD?,2025-08-28
"Kon hai ye dost,aise doston se to dushman hi sahi hai",bullish,2025-08-28,2025,6,Hold or sell the stockz,2025-08-28
Hold loss leke loss realised ho jayega usse acha ye portfolio dek mat aur dusera portfolio bana bhai abhi jo gir rahe h vo fundamentally strong le ye sab govt psu sab chdh de lena,bullish,2025-08-28,2025,4,Hold or sell the stockz,2025-08-28
Do your own research before buying a stock. Friend ke suggestion pe yahi hoga. Nahi hota tho mat karo invest direct stocks mai,bullish,2025-08-28,2025,3,Hold or sell the stockz,2025-08-28
"Panic Sell mat karo yaar!
Loss ke time par ghabra ke decision lena matlab apne aap ko permanent nuksaan dena. Market mein upar-neeche hota rehta hai, red days sabke saath aate hain. Chill!


Zara apni situation check kar lo:


1. Kya yeh paisa tumhe abhi ke abhi daily expenses ke liye chahiye?


2. Kya tum aaram se isse 1-3 saal tak invested rehne de sakte ho?


3. Overall tumhari financial condition stable hai na?




Meri suggestion tumhare liye yeh hai:


Apne positions hold karo, specially jo fundamentally strong hain (Bajaj Housing, Rail Vikas Nigam).


Isse ek learning experience samjho about diversification.


Roz ke prices mat check karo, bas unnecessary stress kam hoga.",bullish,2025-08-28,2025,1,Hold or sell the stockz,2025-08-28
Avg karo jo jada tute hai like rvnl,neutral,2025-08-29,2025,1,Hold or sell the stockz,2025-08-28
"Bhai tumne apne friend ke advise pe buy kiya or ab fir se hold karna chaiye ya sell karna chaiye uska decision nhi le pa rhe ho to yaha post kar rhe h
Ye indication h ki tumhe direct stock me invest karne ke liye knowledge nhi h

To ab is scenario me mera aapko ye advise h ki jo ho gya usko accept kro or turant nikalo or nikal ke achche equity mutual fund me dal do
Or sip start kro every month chahe amount chota ho
Definitely you will beat this loses in very short period.
Tumhare hisab se best advise mujhe ye lga, Baaki jaisa tumhe thik lage

Or ha aage se agar stock ka khud se research na kar pao to entry mat lena (moral from this loss).",bullish,2025-08-31,2025,1,Hold or sell the stockz,2025-08-28
Wahi na yrr uska tho portfolio profit dena,bullish,2025-08-28,2025,1,Hold or sell the stockz,2025-08-28
Kamane pe dhyn de me 60 lacs me -2 lac me betha hu to bhi khush hu bcoz gold ne acha returns de diya dm kar help karta hu fundamentally strong batata hu,bullish,2025-08-28,2025,1,Hold or sell the stockz,2025-08-28
Wo high par ha abhi kya fyda lene ka,neutral,2025-08-29,2025,1,Which one I will add now,2025-08-29
Painful to look at,bullish,2025-08-28,2025,6,For Perusal of community members,2025-08-28
"Feels like a nightmare just to look at.

Bhagwaan aisa kisi ke saath me kareğŸ™ğŸ¼. Cooked",neutral,2025-08-29,2025,3,For Perusal of community members,2025-08-28
Arre bhai bhai bhai,neutral,2025-08-29,2025,2,For Perusal of community members,2025-08-28
Bhul jao bhai next generation ke liye transfer kar dena folio,neutral,2025-08-29,2025,2,For Perusal of community members,2025-08-28
10k loss me hu to meri itni fati hei hats off to ur courage,bearish,2025-08-29,2025,2,For Perusal of community members,2025-08-28
Mutual funds Sahi hai !!,bullish,2025-08-29,2025,1,For Perusal of community members,2025-08-28
Bro did all the analysis to choose the worst stocks to invest in,bullish,2025-08-30,2025,1,For Perusal of community members,2025-08-28
"Koi itna galat kaise ho sakta hai?
When did you start investing?",neutral,2025-08-28,2025,4,Hold sell or average,2025-08-28
Bhai itna 36% loss krne se acha mutual fund me daal deta,bullish,2025-08-28,2025,6,ğŸ˜­,2025-08-28
Bhai stoploss ni lgaya,bearish,2025-08-28,2025,2,ğŸ˜­,2025-08-28
"Wahi socha tha, ki 15% return milega to sab nikal ke mutual fund me dalunga, lkin ulta ho gya",neutral,2025-08-28,2025,2,ğŸ˜­,2025-08-28
The reason is telegram,neutral,2025-08-28,2025,2,ğŸ˜­,2025-08-28
"Option me nhi lagta hu, yeh to equity h",neutral,2025-08-28,2025,1,ğŸ˜­,2025-08-28
Then uninstall the app.,bullish,2025-08-28,2025,8,ğŸ˜­,2025-08-28
"Ab kabhi nhi karunga aisa, 10000 kar ke diversify kar deta to accha hota",bullish,2025-08-28,2025,1,ğŸ˜­,2025-08-28
Don't worry yaa to win hota hai yaa fir learn.,bullish,2025-08-28,2025,10,Average karte karte l lag gaye.,2025-08-28
Niche jaarha tha tab average kiya hoga? Haina,neutral,2025-08-28,2025,3,Average karte karte l lag gaye.,2025-08-28
"Abhi market sirf peak se 5 percent down hai ..tab ye haal hai ...market kabhi bhi 20 percent gor jata hai ....tumhara profolio aadha ho jayega ...tab kya hoga ....
Typical retail investor ....buy high sell low",bullish,2025-08-28,2025,1,Average karte karte l lag gaye.,2025-08-28
Win hi hoga SEBI did something and angel one pura cXud gaya warna profit me hi tha.,bullish,2025-08-28,2025,1,Average karte karte l lag gaye.,2025-08-28
Bhai me 16% up me tha holding it from a long time so chill.,bullish,2025-08-28,2025,1,Average karte karte l lag gaye.,2025-08-28
Bhai aise wakt pe sari apps hug deti hai,neutral,2025-08-28,2025,3,Average karte karte l lag gaye.,2025-08-28
If you are holding from long time then -7 percent mein he L Lag gaye ? ......L tab lagta hai ...jab recovery ka koi scope na ho ...baaki volatility toh noise hai,bullish,2025-08-28,2025,1,Average karte karte l lag gaye.,2025-08-28
Haa fir niche average karoge aur niche jata hai bhai wahi hua hai apke saath apko idea lagyaga hoga,neutral,2025-08-29,2025,2,Average karte karte l lag gaye.,2025-08-28
Sab bolte hai paisa apka lagta hai sabka thodi,neutral,2025-08-29,2025,1,Average karte karte l lag gaye.,2025-08-28
Bhai aapne toh aakhe khol di:),neutral,2025-08-29,2025,1,Average karte karte l lag gaye.,2025-08-28
Your earnings depressed me bro but you picked the best in the market.,neutral,2025-08-27,2025,4,The best strategy for the best returns?,2025-08-27
100+ stocks?? Yaad kaise rakhte ho itna Bhai ğŸ˜‚,neutral,2025-08-27,2025,2,Guys I found this in groww's portfolio analysis section. Is this good or bad?,2025-08-27
Apka loss double ho jai ga,bearish,2025-08-26,2025,1,what happend? how will i get the bonus shares?,2025-08-26
You should have got the message by today morning for the credit of the shares,neutral,2025-08-29,2025,1,what happend? how will i get the bonus shares?,2025-08-26
Because in a 1:1 split the par value of the share is halved but in a bonus issue the par value is the same but the market adjusts for the face value,bullish,2025-08-26,2025,9,what happend? how will i get the bonus shares?,2025-08-26
"Bhai tumhari 1% mein fat gyi
Vo bhi itne volatile market mein",neutral,2025-08-26,2025,1,Where am i going wrong.?,2025-08-26
Defence stock like Hal,neutral,2025-08-25,2025,5,Long term basket,2025-08-25
thanks for the input ğŸ˜‡,neutral,2025-08-25,2025,1,Long term basket,2025-08-25
Okay. Sir. Goleman.,neutral,2025-08-26,2025,1,"Just a guy looking for job , meanwhile I am a bit of free time.",2025-08-26
Kitna share liya bhai tuune?,neutral,2025-08-24,2025,2,Is there any future for DISH TV ?,2025-08-24
"Bhai Big Noooooooo . Bhulke bhi buy mat karna ,agar buy kar rakha toh kal morning se nikal lo patli gali se .",bullish,2025-08-24,2025,2,Is there any future for DISH TV ?,2025-08-24
Ha ye meri entry ke baad hi ye sare lafde chalu hue hei agr thoda aur capital daluga toh seedha WW3 shuru ho jaye ga,neutral,2025-08-28,2025,1,Indian market overvalued?,2025-08-24
Log kahan kahan se dhoondh kar laate hain itne saare ansune stocks? I don't understand why relatively less experienced retail traders don't stick to more large/mid-cap names.,neutral,2025-08-28,2025,1,Opinion,2025-08-25
What's the timeline?,neutral,2025-08-23,2025,5,Should I sell??,2025-08-23
Share the complete portfolio,neutral,2025-08-23,2025,3,Should I sell??,2025-08-23
"BSE abhi tak sell nahi kiya?
Abhi to vapia khardine ka time aayega",bearish,2025-08-23,2025,2,Should I sell??,2025-08-23
"Money rotation kar sakte ho bro ğŸ«¡.. Abhi PGHH, ACC, COLPAL acche buy point pe h",bullish,2025-08-24,2025,2,Should I sell??,2025-08-23
What the fffffffff.....,neutral,2025-08-24,2025,2,Should I sell??,2025-08-23
Bro knew stock market during COVID.,neutral,2025-08-24,2025,2,Should I sell??,2025-08-23
"No. Market is going to cross all time high soon. When market will be at all time high, sell at that time.",bearish,2025-08-28,2025,2,Should I sell??,2025-08-23
kitne saal hold kara,bullish,2025-08-23,2025,1,Should I sell??,2025-08-23
Bhai govt support kar raha hai vi ko rehne do,neutral,2025-08-24,2025,2,Pls suggest which ones to keep and which ones to sell ğŸ™,2025-08-24
Kar diya govt ne support aache se ğŸ˜‚,neutral,2025-08-26,2025,1,Pls suggest which ones to keep and which ones to sell ğŸ™,2025-08-24
Avantel toh maine bhi kiya h. Voltamp ni suna tha. Research kaise karte ho bta sakte ho if you don't mind.,neutral,2025-08-24,2025,2,Pls suggest which ones to keep and which ones to sell ğŸ™,2025-08-24
"Bhai mere mama karte hai
Unhone mujhe ifci, bse and CDSL mein profit banwaya 
Although I invested by myself and my portfolio is in negative he made me invest in right company and I made 15% in 6 months",bullish,2025-08-24,2025,0,Pls suggest which ones to keep and which ones to sell ğŸ™,2025-08-24
ğŸ¤¯bhai tumhare mama toh Boht sahi trading karte h.should I dm u?,bullish,2025-08-24,2025,0,Pls suggest which ones to keep and which ones to sell ğŸ™,2025-08-24
"Yes sure bhai 
Ya he is into market since 18 years",neutral,2025-08-24,2025,1,Pls suggest which ones to keep and which ones to sell ğŸ™,2025-08-24
"Itna gire na, maza hi aajayega",neutral,2025-08-25,2025,1,Any suggestions... can I add more now? Or will it go even lower. I'm going to hold this for long term.,2025-08-22
Like the large caps?,neutral,2025-08-22,2025,2,Any suggestions... can I add more now? Or will it go even lower. I'm going to hold this for long term.,2025-08-22
Copy paste mat karo.,neutral,2025-08-22,2025,1,Zomato*,2025-08-22
The sms title ends with P it means Promotion,bullish,2025-08-21,2025,9,What is this?,2025-08-21
"Yaha sala muscle pump ho nai rah, tum stock pump hi karo",neutral,2025-08-21,2025,2,What is this?,2025-08-21
Oh bhai aj subha 11 tak 165 tha abhi deka tho 173 hogaya,neutral,2025-08-23,2025,1,What is this?,2025-08-21
Short Coffee day stock,neutral,2025-08-21,2025,1,Any updates on stocks we shall keep in check for tomorrow intraday?,2025-08-21
Sona kharid lo abhi,neutral,2025-08-21,2025,2,37 F here. Wanting to learn trading from scratch. Any advice is appreciated.,2025-08-21
Hmm ye bhi sahi hai.,bullish,2025-08-21,2025,1,37 F here. Wanting to learn trading from scratch. Any advice is appreciated.,2025-08-21
Aa gaya course bechne,bearish,2025-08-22,2025,1,37 F here. Wanting to learn trading from scratch. Any advice is appreciated.,2025-08-21
Jisko apni khud ki Taurus ki spelling nhi aati usse advice na hi lo to achha hai..,bullish,2025-08-22,2025,1,What is this??,2025-08-21
Golmaal hai bhai sab golmaal hai.,neutral,2025-08-21,2025,2,"SEBI: Do a SCAM, pay us 10% and carry on your work",2025-08-21
Block the sender,neutral,2025-08-21,2025,1,Is it some sort of scam or what !?,2025-08-21
It's Zerodha & INDmoney. Jab se register Kiya hai maine tabse yaise sms aate hai.,neutral,2025-08-21,2025,1,Is it some sort of scam or what !?,2025-08-21
"Bhai Anil Ambani pe kaun Paisa lagata hai , paisa toh barbaad hai baki izaat bhi gayi",neutral,2025-08-20,2025,2,"My friend is concerned about his portfolio, will it get better?",2025-08-20
Yah rangoli bilkul achchi nahi hai,neutral,2025-08-21,2025,1,"My friend is concerned about his portfolio, will it get better?",2025-08-20
Welcome to fightclub Tyler,neutral,2025-08-21,2025,1,"My friend is concerned about his portfolio, will it get better?",2025-08-20
bhai rel infra ko chorkar sab thik h,neutral,2025-08-22,2025,1,"My friend is concerned about his portfolio, will it get better?",2025-08-20
The ace of buying at the top,bullish,2025-08-22,2025,1,"My friend is concerned about his portfolio, will it get better?",2025-08-20
"Yes it will, usko bolo screen ğŸ–¥ï¸ ke samne 2 nariyal  ğŸ¥¥ chadhaye aur ğŸŒ¶ï¸ ğŸ‹ tange",neutral,2025-08-24,2025,1,"My friend is concerned about his portfolio, will it get better?",2025-08-20
sip chalu karde bhai mf me,neutral,2025-08-18,2025,4,My Portfolio hit 50K,2025-08-18
Im in loss since 2 year.,bearish,2025-08-18,2025,2,My Portfolio hit 50K,2025-08-18
Bhai sab green dekh ke jls hu,neutral,2025-08-22,2025,2,My Portfolio hit 50K,2025-08-18
Instamart pe free coupon bantne shuru kar diye,bullish,2025-08-08,2025,23,what happened?,2025-08-08
Is it a good time to buy?? Planning to hold for few months!,bullish,2025-08-08,2025,1,what happened?,2025-08-08
"Wooh Lucky Me, Withdraw from the stock on 4th lol.",neutral,2025-08-09,2025,1,what happened?,2025-08-08
STOCK apne ek supply zone se down aa gya hai but stock ab apne weekly demand zone me aa gya to ab ek move aa sakti hai kyuki stock weekly ke demand zone follow kar raha hai,neutral,2025-08-09,2025,1,what happened?,2025-08-08
"looking at the volume on that day, seems like MOFSL has exited the stock",neutral,2025-08-10,2025,1,what happened?,2025-08-08
Good time to invest?,bullish,2025-08-11,2025,1,what happened?,2025-08-08
Amitabh bachhan ki wajah se,bullish,2025-08-08,2025,0,what happened?,2025-08-08
Na Bhai. Hold it.,bullish,2025-08-20,2025,3,Should I sell Paytm,2025-08-20
With 50k capital it's better to hold only 1 stock,bullish,2025-08-20,2025,2,Should I sell Paytm,2025-08-20
"Bhai mat lo, OLA OLA karna band karo..",bullish,2025-08-17,2025,26,Ola shares is worth taking in 2025?,2025-08-17
"Zomato aaj tak actual profit me ni aaya, they show their FDs profits. Promoters ne almost apna saara share bech diya. And unka market cap dekho 3 lakh cr ka. Agar iska 1 lakh bhi aa jayega to yaha se 5x easily jayega. Baaki h to risky.",neutral,2025-08-17,2025,1,Ola shares is worth taking in 2025?,2025-08-17
25 se 30 pe best buy hoga. Tab accumulate karna behtar rahega OLA ko.,bullish,2025-08-17,2025,1,Ola shares is worth taking in 2025?,2025-08-17
Gaya ola oven me,neutral,2025-08-17,2025,1,Ola shares is worth taking in 2025?,2025-08-17
But it ASAP.  Pata nahin ki kal ho na ho.,neutral,2025-08-17,2025,1,Ola shares is worth taking in 2025?,2025-08-17
Khatam company hai,neutral,2025-08-17,2025,1,Ola shares is worth taking in 2025?,2025-08-17
"56% retail investment in ola

Thumb rule smj lo bhai

Share market ka pura concept hi retail ka nuksan or big boys ka profit ispr tika hua h

Toh insb shares se durr hi rhe to thik h

Baaki agr galti se chl gya to bhagwan bharose",bullish,2025-08-18,2025,1,Ola shares is worth taking in 2025?,2025-08-17
"More to lose , less to gain.",bullish,2025-08-12,2025,12,Your thoughts ? Is it worth to invest right now ?,2025-08-12
Nope abhi aur niche jayega,neutral,2025-08-12,2025,1,Your thoughts ? Is it worth to invest right now ?,2025-08-12
Result to sahi nahi aaya hai chudega bc kal mast ğŸ¤—,bullish,2025-08-12,2025,1,Your thoughts ? Is it worth to invest right now ?,2025-08-12
Time for accumulation,neutral,2025-08-12,2025,4,Gradually all stocks have become red. Anyone any suggestions?,2025-08-12
Do you expect it to remain in GREEN all the time?,neutral,2025-08-13,2025,1,Gradually all stocks have become red. Anyone any suggestions?,2025-08-12
Choppy market. Wait for bull market,neutral,2025-08-15,2025,1,Gradually all stocks have become red. Anyone any suggestions?,2025-08-12
"Noted sir, next time will do same",neutral,2025-08-13,2025,1,Gradually all stocks have become red. Anyone any suggestions?,2025-08-12
Itâ€™s a total loss of -822!,bearish,2025-08-13,2025,1,Gradually all stocks have become red. Anyone any suggestions?,2025-08-12
Isn't the stock US Tariff hit?,neutral,2025-08-10,2025,1,Is it a good time to buy Kalyan Jewellers?,2025-08-08
Maine to kiya tha lekin mujhe mila hi ni,neutral,2025-08-09,2025,3,What's up with nsdl? +400 in a week? Still worth buying?,2025-08-09
"The PE is over 60, be careful.",neutral,2025-08-09,2025,3,What's up with nsdl? +400 in a week? Still worth buying?,2025-08-09
Listing pe 900 pr bech diyağŸ˜­,bearish,2025-08-10,2025,1,What's up with nsdl? +400 in a week? Still worth buying?,2025-08-09
"1070 pe uda diya tha, half ass burned",neutral,2025-08-09,2025,1,What's up with nsdl? +400 in a week? Still worth buying?,2025-08-09
"Apply kar bhi deta, phir bhi allotment kaha milna tha?",neutral,2025-08-09,2025,2,What's up with nsdl? +400 in a week? Still worth buying?,2025-08-09
"Now check Zomato's PE, PE is not the only metric for stock selection.",neutral,2025-08-09,2025,4,What's up with nsdl? +400 in a week? Still worth buying?,2025-08-09
Umm no sir its a stock market.,neutral,2025-08-09,2025,0,What's up with nsdl? +400 in a week? Still worth buying?,2025-08-09
One fine day you will see me there.,neutral,2025-08-12,2025,2,why can't we build something like this from indian reddit finance community? let's join hands with the best minds and let's build something,2025-08-12
"Tu kya fokat ka gyan de raha h, ham to apne manager ki nai sunte, hands join kar raha h tu mere samne",neutral,2025-08-13,2025,0,why can't we build something like this from indian reddit finance community? let's join hands with the best minds and let's build something,2025-08-12
"
Quantity stock, Growth stock yes sab dharati par
Asli me to ""Bhav bhagvan chhe"" ...",neutral,2025-08-13,2025,-1,Result is so bad tomorrow isğŸ˜­,2025-08-13
Today the results are to be announced. Something to do with that?,neutral,2025-08-08,2025,1,What the f happened to PGEL?,2025-08-08
Chutiya bana raha hai,neutral,2025-08-09,2025,0,What the f happened to PGEL?,2025-08-08
Take your investment out,bullish,2025-08-11,2025,2,Should I sell ather energy,2025-08-11
Tax will be on absolute profit and loss,neutral,2025-08-14,2025,1,21M am in trouble of income tax,2025-08-13
Kyun bhai? ITC ya reliance le and khush reh.,neutral,2025-08-19,2025,1,Should i play safe or diversify as a beginner,2025-08-17
"Tum log dustbin ke layak ho, tumhare liye sab sin hai",neutral,2025-08-17,2025,1,Should i play safe or diversify as a beginner,2025-08-17
You are going to be doomed any time,bullish,2025-08-14,2025,6,Any other stocks which I can add to this list?,2025-08-14
Ek Aayush Wellness bhi h lekin currently Lc pe LC H aur stocks mile toh batana,neutral,2025-08-14,2025,2,Any other stocks which I can add to this list?,2025-08-14
Would like to see your main portfolio,neutral,2025-08-14,2025,0,Any other stocks which I can add to this list?,2025-08-14
I'm planning to buy at All time low. You can also buy for 2x in 3 to 5 year's.,bullish,2025-08-11,2025,1,Opinions ??? Should I buy,2025-08-10
Log itne se amount ke liye punchhte hain. Isse double amount to mera loss hai. Hehe,bearish,2025-08-13,2025,-2,What the next step? Wait - exit,2025-08-13
Ya you are right,neutral,2025-08-13,2025,2,What the next step? Wait - exit,2025-08-13
Yahi hota h investors shuru me upar le jate h then profit book kark jhatke me ipo price or even lower jata h aur retailer trap....ab average karna jab lower circuit lagna band ho aur thoda stable ho jaye,bullish,2025-08-18,2025,3,What should be the next move,2025-08-18
Bech to sakte nhi. To rakh hi lo,bearish,2025-08-18,2025,2,What should be the next move,2025-08-18
"Ipo me hi lena tha... Ab hold karo jab tak positive me nahi aa jate. I didn't have the capital to invest while it was in ipo, then, on the listing day, I researched about it and found that it might be risky.. so didn't buy it.",bullish,2025-08-18,2025,1,What should be the next move,2025-08-18
"Stoploss rakna , don't trap in fomo ki kal badhega
Mere sath mamta and  dam Captial me aisa hi hua tha
Starting me le liya fir mamta do din uc mara phir koi lene ko tayar ni phir 630 se 400 pe chal rha abhi 5 to mene 350 me beche 5 pade and dam Captial sala sabse gatiya 50% minus hoga 6000 ka 3000 bacha",bearish,2025-08-18,2025,1,What should be the next move,2025-08-18
Tarrif to karni padegi,neutral,2025-08-11,2025,1,Worth buying?,2025-08-11
Buy any stock but try to buy minimum 1000 cr asset company and hold it minimum 20-30 year,bullish,2025-08-12,2025,1,Any tips for this newbie? ğŸ¥²,2025-08-12
barbaad bhai .. zero ho jaayega portfolio .. ab kya advice maang raha .. pehle maangta ..,neutral,2025-08-07,2025,0,Plz advice,2025-08-07
"Average kro loss pe mat nikalna. Thora thora buy krtey rho jab tak average ni hotaa.

Aur thorey aur share add kro kisi aur company ke",neutral,2024-09-12,2024,3,What should I do?,2024-09-12
"CMS Info me invest karo for long term,sab recover ho jayega",bullish,2024-09-12,2024,1,What should I do?,2024-09-12
It is not loss until you sell it ğŸ¤ chup chap hold karke baitho bhai aur paisa to avg,bearish,2024-09-12,2024,1,What should I do?,2024-09-12
Hold average mat krna jab tak stock girna band na ho,neutral,2024-09-12,2024,1,What should I do?,2024-09-12
school/college jaya kar time par bhai/bahen,neutral,2024-09-18,2024,1,Day 4 of making millionsğŸ’¸,2024-09-16
Come to inbox bro,neutral,2024-09-16,2024,1,Day 4 of making millionsğŸ’¸,2024-09-16
Ye bach gya rocket launch ke pehle ğŸ¤£,bullish,2024-09-12,2024,11,Day 3 of making millionsğŸ’¸,2024-09-12
tu bach gaya bhai,neutral,2024-09-12,2024,3,Day 3 of making millionsğŸ’¸,2024-09-12
"Ab kya bolu meh ğŸ¤£ğŸ¤£
Teek hey bhai, enjoy your millionaire ride!!",neutral,2024-09-12,2024,2,Day 3 of making millionsğŸ’¸,2024-09-12
"jis rah pe tum jaa rahe beta, ho ek din bura fasoge",bearish,2024-09-12,2024,1,Day 3 of making millionsğŸ’¸,2024-09-12
Waahh bhai tu put pe paise bna laya,neutral,2024-09-12,2024,1,Day 3 of making millionsğŸ’¸,2024-09-12
Ek din m missile ban jaegi millions ki,neutral,2024-09-12,2024,1,Day 3 of making millionsğŸ’¸,2024-09-12
Haan bro bach gayağŸ˜”,neutral,2024-09-12,2024,2,Day 3 of making millionsğŸ’¸,2024-09-12
Bhai 120 pe liya 140 pe becha thoda aur agar 1 ghnata wait karta toh almost 2k bana leta par aaj risk nahi liya,bearish,2024-09-12,2024,2,Day 3 of making millionsğŸ’¸,2024-09-12
"Kal toh zyada tha, eak din me kya hua",neutral,2024-09-12,2024,1,Day 3 of making millionsğŸ’¸,2024-09-12
Bro is doing black magic to the market,neutral,2024-09-12,2024,1,Day 3 of making millionsğŸ’¸,2024-09-12
"Expiry ke din I donâ€™t trade par aaj le liya tha and also making profits everday is not the goal, the goal is to be in profit at the end of the month",bullish,2024-09-12,2024,1,Day 3 of making millionsğŸ’¸,2024-09-12
"Bhai Mere pass to 1727 kuch ka stock hai 95 pe leke rakha hai saal bhr se 41 hazar loss, mahine do mahine pe reports aati rahti hai ki upar jayega par sala ye upar Jane ke bajaye neeche he aa rha hai roj,, isse better to mutual fund me daal deta to achha return aa jata, baki sabhi shares chale par sala jisse expectations thi wahi baitha hua hai",neutral,2024-09-11,2024,1,It's testing my patience ,2024-09-11
"Bhai, Vaidyanath ke karan hold kr rha hu. Nhi toh yeh ajeeb stock hai. Maine isse 85 pr liya tha. Average krte krte 75 kr diya. Ab Phir gir gya.ğŸ˜”

IDFC First ke case Mein Bhagwaan aur Vaidyanath pr hee bharosa hai bhaiğŸ™„ğŸ™„",bullish,2024-09-11,2024,1,It's testing my patience ,2024-09-11
Kya socha hai? Rkhna hai? Ya pharma ya koi growth sector mein loss book karke nikal jau,bearish,2024-09-11,2024,1,It's testing my patience ,2024-09-11
"Same thesis bhai, bull market mein bhi gir rha hai.",neutral,2024-09-11,2024,1,It's testing my patience ,2024-09-11
"bhai mera quantity jyada hai, loss jyada hoga, aur mere bechte hi yeh ğŸš€ bann jayega, isko nikalneke baad phirse nahi lunga kabhi, koi YT ke ch*de kitni bhi tareef kare",bearish,2024-09-11,2024,3,It's testing my patience ,2024-09-11
Stock market isn't for me? Lol,bearish,2024-09-11,2024,-5,It's testing my patience ,2024-09-11
Kitna qty hai? I guess I'll exit and invest in Varun Beverages as it'll be more affordable post split. Ya fir tikau stocks like ITC or Tata Motors peh invest kar dunga,bullish,2024-09-11,2024,1,It's testing my patience ,2024-09-11
"Bhai 7 IPOs rejected ....Aaj Tak 7 hi apply karin hai life me ğŸ«£ Bajaj , Premier ,Tata tech ...abb bas Hundai par hi thoda bharosa reh gaya hai",bullish,2024-09-13,2024,3,To anybody who is feeling left out after the recent Bajaj IPO. Youâ€™re not alone! ,2024-09-13
Bajaar style retail ka kya karna hai- future kuch hai or sell kar du,bearish,2024-09-15,2024,1,To anybody who is feeling left out after the recent Bajaj IPO. Youâ€™re not alone! ,2024-09-13
"It looks like this ke stocks ka chaska lagane ke liye shuru mai brokers ipo lagwa dete hai , fir unko smjh aajaata hai ke ab ye yahi ghusa rhega than they relax ke ab income hote rhegi, fir uske baad kabhi ipo nhi lagte. 
#got ipo when i opened my demat early in those days baaaki uske baad nhi mila kuch bhiğŸ™‚",neutral,2024-09-13,2024,2,To anybody who is feeling left out after the recent Bajaj IPO. Youâ€™re not alone! ,2024-09-13
Itna Sara Paisa kaha se ata hai bhai,neutral,2024-09-14,2024,1,To anybody who is feeling left out after the recent Bajaj IPO. Youâ€™re not alone! ,2024-09-13
Congratulations! Ek hafte mein paise double!,neutral,2024-09-13,2024,1,To anybody who is feeling left out after the recent Bajaj IPO. Youâ€™re not alone! ,2024-09-13
Hope for the best,neutral,2024-09-14,2024,1,To anybody who is feeling left out after the recent Bajaj IPO. Youâ€™re not alone! ,2024-09-13
"All theories sound good in the aftermath. Covid came, market crashed. Vaccine came market bounced back. War came market corrected. War normalized market sustained. Car chips had a shortage prices went high. Shortage is gone but then prices stay high due to inflation. I would love to discuss why jio financials could be a multi-bagger or a dud in the future but then they have no business yet. On the other hand adani is either the king as per shareholders or the monkey as per hidenburg. We have so many stocks in our portfolio to diversify, but still stay concentrated enough to not buy index fundsâ€¦and therefore cannot analyze each industry as we have jobs and businesses to do than delve over macro economics. Youtube gurus are all bogus. Nobody can certainly determine if the market is fairly valued or overvalued. The crash will come someday as per the economic cycle but no economist knows the period of economic cycle. Par technicals bhi toh haiâ€¦toh prove karo head and shoulder pattern ki statistical success. Par fundamentals is the bossâ€¦par inspite of rising revenues yeh stock price kyun gir raha haiâ€¦must be overvalued. Fiiâ€™s bech rahe honge. Par agar indian index japan aur china ki tarah long term mein gir gaya toh? Magar humari economy toh alag hai. Toh multibagger kaise spot karein? Market toh bull run mein hai, exit logey aur kal aur chadhti rahi toh? Exit nahi logey aur doob gaye toh? Ghuma fira ke demand supply hi hoga. Par where do i start learning to invest and not gamble? Zerodha varsity. Par experience toh trade karke hi milega. Yeh science thodi hai nahi toh har koi formula lagake sahi stock nahin pick kar leta? Conviction chahiyeâ€¦nazar chahiye. And what about insider trading? Sebi hai na. Waise ride the tide ki go against it? 1 se 12 sab kiya phir bhi stock doob gaya. Magar dusre ne toh nahi kiya magar phir bhi profit haiâ€¦toh iska yeh matlab thodi hai ki har sutta phukne wala 90 tak zinda ragega. Bluechip kal bluechip nahi rahega. Tabhi toh keep monitoring. Par entry aur exit kaise loge bhai? Trade banke dekho. Par trading toh jua hai. No boss, you sre gamblingâ€¦padhke karte toh kama rahe hote. Achha 10% log hi padhte hainâ€¦1% ka stop loss hit hi nahi kartaâ€¦invest karo, trade nahin. Toh kya ghuma phira ke baat phirse sirf demand supply ki hai?

Open to discuss.

Tldr; few topics to discuss.",bullish,2024-09-17,2024,5,Discuss ideas not stocks screenshot ,2024-09-16
This is me every morning for a few hours!,neutral,2024-09-18,2024,1,Discuss ideas not stocks screenshot ,2024-09-16
Bhai Europe ki tickets Karwa li ?,neutral,2024-09-10,2024,3,Never give up mindsetğŸ’¸ğŸ’ª,2024-09-10
Chalo aaj ka hotel ka paisa ready kar diya tumne,neutral,2024-09-10,2024,2,Never give up mindsetğŸ’¸ğŸ’ª,2024-09-10
Abhi toh aur bhi girega bear market chal rha ha bro,neutral,2024-09-07,2024,1,Need your suggestions guys ,2024-09-07
Kab Tak any best stocks to look out,neutral,2024-09-07,2024,1,Need your suggestions guys ,2024-09-07
"Aise toh bahut share neeche ayenge bhai sab worthless hai apke hisab se toh? Market ki volatility nahi smjhte ho toh market mei aaye kyu ho? Aisa nahi hai market mei log na aaye, aur aaye bhai lekin sath mei dimaag bhi leke aaye na wo kyu chodh ke aajate hain",bearish,2024-09-13,2024,2,Is CDSL worth holding? ,2024-09-13
Sit in the market daily. Watch the trend. Be updated with the news,neutral,2024-09-11,2024,1,Day 2 of making millionsğŸ’¸,2024-09-11
900-1000 pe lena tha bhai upar jane ke baad me kyu liye tum?,bullish,2024-09-09,2024,1,Shall I exit from hatsun?,2024-09-09
Long term ke liye lia tha bro 1-2 years ke liye,neutral,2024-09-09,2024,0,Shall I exit from hatsun?,2024-09-09
Bhai long term wala stock nahi hai seasonal hai ye business check karo ek bar,neutral,2024-09-09,2024,1,Shall I exit from hatsun?,2024-09-09
Abhi hold karu ye bech du?,neutral,2024-09-09,2024,1,Shall I exit from hatsun?,2024-09-09
Q2 ka wait kar le agar acha aaya toh upar ja sakta hai nahi toh nikal jana q3 aur q4 iske liye acha usually nahi hota hai,bullish,2024-09-09,2024,1,Shall I exit from hatsun?,2024-09-09
Q2 result kab aayega,neutral,2024-09-09,2024,1,Shall I exit from hatsun?,2024-09-09
Bhai screener pe dekhle itna toh bata diya iske aage charge marna shru kar duga ğŸ˜‚,neutral,2024-09-09,2024,1,Shall I exit from hatsun?,2024-09-09
Hardwyn me aisi kya baat hai bhai? Even I'm a newbie. I would like you to share some of your gyaan to me,neutral,2024-09-14,2024,1,"Which should I Sell, Hold or Buy more? *newbie*",2024-09-14
Hold krlo bhai Potential hai bs 1 good news ki deri hai again 105 me milega,bullish,2024-09-14,2024,1,"Which should I Sell, Hold or Buy more? *newbie*",2024-09-14
"Kuch bhi nahi bro, short term mai high volume Aya hai, trendline breakout krra hai, wild move anticipation kr skte hai, technically it's bullish.
Good for swing bad for the long term!! 
Holding period 2-4 days for 20% returns on capital employed",bullish,2024-09-14,2024,1,"Which should I Sell, Hold or Buy more? *newbie*",2024-09-14
Bhai kaise Maine to 102 m buy Kiya tha bas abhi ek good newz h ki Bajaj ka ipo mil gya,bullish,2024-09-14,2024,1,"Which should I Sell, Hold or Buy more? *newbie*",2024-09-14
Ab me invest krunga monday se lower circuit lagne suru ho jaayenge,bullish,2024-09-13,2024,1,Riding high everyday : REFEX Ind,2024-09-13
Sarcasm tha bhai,neutral,2024-09-13,2024,1,Riding high everyday : REFEX Ind,2024-09-13
Jaha paise lage ho waha aise jokes janlewa hote hai,neutral,2024-09-13,2024,0,Riding high everyday : REFEX Ind,2024-09-13
Bhai yha to portfolio ke vese bhi L lage hue hai,neutral,2024-09-13,2024,1,Riding high everyday : REFEX Ind,2024-09-13
"Bhai bech de iseğŸ˜‚
Ye next yes bank suzlon jaisa stock hai... 
2-3 ese hi rhega niche... Fir jake jb kuchh bullish pattern bane monthly candle mei tab buy krio.",bullish,2024-09-13,2024,1,Should i sell and accumulate some other stock or hold? ,2024-09-12
Mast portfolio hai poora greenâ€¦. Mera poora opposite hai ğŸ˜‚,bullish,2024-09-12,2024,2,Any suggestions or feedbacks on the portfolio?,2024-09-12
"Haha, Ambani ji ki kripa hai bass ab",neutral,2024-09-12,2024,1,Any suggestions or feedbacks on the portfolio?,2024-09-12
take 24k worth shares out and leave the rest to market god.,neutral,2024-09-04,2024,3,Friends I need your suggestions on BHEL,2024-09-04
Buy nifty bees for safer sides itc toh hilta hai ni 4 saal se dekhra hu pr Zomato pe mujhe believe ni ata islie khra hu baki achi company toh h,bullish,2024-09-24,2024,1,Give me your thoughts on this stock sip portfolio for long term at lest 5 years,2024-09-15
Oh thank you sir,neutral,2024-09-15,2024,1,Give me your thoughts on this portfolio for long term at lest 5 years ,2024-09-14
"BAJAJ FINANCE is 7342 per share.

If youâ€™re. Planning to buy housing finance, then buddy, invest atleast 5k into the stock. Long term it is good, but 1500 se kuch nahi hoga",bullish,2024-09-16,2024,1,Should i buy Bajaj Finance? I have â‚¹1500,2024-09-13
"You're the undisputed king of options
 Waah maza aa gaya. Mera bhi paisa trade kar do options me",neutral,2024-09-11,2024,1,"going slow and steady, ",2024-09-11
I am a college student and i want to learn stock market so thatâ€™s what brought me here,neutral,2024-09-10,2024,1,"10,000 to invest",2024-09-10
Gained 13% in a day today,bullish,2024-09-23,2024,2,Anybody recently invested in Refex industry?,2024-09-08
"115 pe hai
did u sell?",bearish,2024-09-05,2024,1,Ola electric 125 pr liya tha hold kru ya sell110 pr agya bkl,2024-09-05
"https://preview.redd.it/w3rx7c23c1nd1.png?width=1080&format=pjpg&auto=webp&s=9797158a8c17425bf9f1536654890a323384a8d4

107 pe niche close kare toh sell kar Fundamental kuch hai nahi Loss making hai Just future prospects pe bet hai

So if you're investing in Ola electric it should be a small bet where ur risk of losing 50-70% of value",bearish,2024-09-06,2024,1,Ola electric 125 pr liya tha hold kru ya sell110 pr agya bkl,2024-09-05
Stupid kya? All time high 140 tha kuch,neutral,2024-09-05,2024,-1,Ola electric 125 pr liya tha hold kru ya sell110 pr agya bkl,2024-09-05
Ni abhi hold kiya,bullish,2024-09-05,2024,1,Ola electric 125 pr liya tha hold kru ya sell110 pr agya bkl,2024-09-05
ATH 140 tha toh kya chad jaoge ğŸ« ? Hum sab toh fir fokat ka research karte he,neutral,2024-09-05,2024,3,Ola electric 125 pr liya tha hold kru ya sell110 pr agya bkl,2024-09-05
Sell karde bhai. Straight to hell stock hain,bearish,2024-09-06,2024,1,Ola electric 125 pr liya tha hold kru ya sell110 pr agya bkl,2024-09-05
Theek hain. Aagey seh company keh fundamentals check karna hoga invest karne seh pehle. Nahi toh bohot loss hoga. Yeh to wapas 75rs per stock jayega with 3-4 weeks.,bullish,2024-09-06,2024,1,Ola electric 125 pr liya tha hold kru ya sell110 pr agya bkl,2024-09-05
"bhai tuje nahi aata kyu smart bann raha hai. its been 2 months since it has been listed, the whole fucking market has undergone a correction. Tu chutiya hai kya?",neutral,2024-10-08,2024,1,Ola electric 125 pr liya tha hold kru ya sell110 pr agya bkl,2024-09-05
They don't want me to get rich,neutral,2025-03-05,2025,5,This is what real ball looks like..,2025-03-05
Hope they Dont start the virus war,neutral,2025-03-05,2025,3,This is what real ball looks like..,2025-03-05
Apan dusro ki daya pe hai.. Aatmanirbhar bolne se ban nahi jaate.. China actually Aatmanirbhar hai.. so they can be ready for whatever war Trump wants to have,neutral,2025-03-06,2025,1,This is what real ball looks like..,2025-03-05
We are ready to watch till the end.,neutral,2025-03-06,2025,1,This is what real ball looks like..,2025-03-05
America ko jisne bhi akha dikhay hai ajj nhi to kaal uski gand faati hai,neutral,2025-03-06,2025,1,This is what real ball looks like..,2025-03-05
Ha Bhai jab budha hojaega aadmi stock ka paisa ilaj me kaam aaega badhiya,neutral,2024-09-01,2024,11,Never forget ,2024-09-01
was thniking the same,neutral,2024-09-01,2024,1,Never forget ,2024-09-01
4 saal mai paisa double,bullish,2025-07-10,2025,15,I didnâ€™t touch my stocks for 4 years and this is the resultâ€¦,2025-07-10
4 saal main paisa double!!,bullish,2025-07-10,2025,7,I didnâ€™t touch my stocks for 4 years and this is the resultâ€¦,2025-07-10
Are yar yha to dusra saal hone ko aya abhi bhi portfolio laal hi hai jabki sirf nifty 50 k hi stocks h,neutral,2025-07-10,2025,3,I didnâ€™t touch my stocks for 4 years and this is the resultâ€¦,2025-07-10
Mera toh 10% hi touch kiya 2-3 saal m ğŸ˜”,neutral,2025-07-11,2025,3,I didnâ€™t touch my stocks for 4 years and this is the resultâ€¦,2025-07-10
The power of compounding,neutral,2025-07-11,2025,2,I didnâ€™t touch my stocks for 4 years and this is the resultâ€¦,2025-07-10
"Time in the market, not timing the market.",neutral,2025-07-12,2025,1,I didnâ€™t touch my stocks for 4 years and this is the resultâ€¦,2025-07-10
Pura thela laal haiğŸ¥²,bullish,2025-08-06,2025,6,OMG Now What ğŸ˜±,2025-08-06
Bhai tata motors ka kuch ho payega kya??ğŸ˜­ğŸ˜­ğŸ˜­ğŸ˜­ğŸ˜­ğŸ˜­ bhai 970 ka tha jab liyaaa ğŸ˜­ğŸ˜­ğŸ˜­,neutral,2025-08-06,2025,2,OMG Now What ğŸ˜±,2025-08-06
Bhai meine toh reliance power lia tha 67 pe. Fraud kar dia usne firse aur upar se yeğŸ™‚,bullish,2025-08-07,2025,1,OMG Now What ğŸ˜±,2025-08-06
Hey OP ğŸ‘‹ can you send me the template...,neutral,2025-08-09,2025,1,OMG Now What ğŸ˜±,2025-08-06
Jo ek bar fraud hai wo fraud he rahega na re baba unless management changes,neutral,2025-08-07,2025,1,OMG Now What ğŸ˜±,2025-08-06
Agar sab bech rahe hai toh Khareed kon raha hai ğŸ˜ ,neutral,2025-02-15,2025,2,Indian market these days.,2025-02-12
Market in red mood,neutral,2025-02-13,2025,1,Indian market these days.,2025-02-12
Bhai yahi toh paisa print hota hai,neutral,2025-02-14,2025,1,Indian market these days.,2025-02-12
Flex krne ka tareka thoda cazuel hai..,bullish,2024-11-06,2024,43,Rate My Portfolio ğŸ˜ğŸ˜,2024-11-06
Bhot Kam Paisa lagaya. 2020 me tumne... 5 lakh lgate to abi 30 lakh hota,neutral,2024-11-06,2024,3,Rate My Portfolio ğŸ˜ğŸ˜,2024-11-06
COVID ke time khareede ho na ?,bullish,2024-11-06,2024,1,Rate My Portfolio ğŸ˜ğŸ˜,2024-11-06
many more to come,bullish,2025-04-16,2025,8,Made my first â‚¹100 profit!,2025-04-16
Tips please sir,neutral,2025-04-16,2025,2,Made my first â‚¹100 profit!,2025-04-16
Brokrage kitna diya,neutral,2025-04-17,2025,1,Made my first â‚¹100 profit!,2025-04-16
"Welcome to stock market 
Now invest in etfs for safer returns!",bullish,2025-04-17,2025,1,Made my first â‚¹100 profit!,2025-04-16
That's the best feeling,neutral,2025-04-17,2025,1,Made my first â‚¹100 profit!,2025-04-16
"INDUSIND mujhe loan nahi de rha, apko profit de rha hai xD",bullish,2025-04-17,2025,1,Made my first â‚¹100 profit!,2025-04-16
exit kr jao warna promoters dilute krenge pakka,neutral,2024-10-11,2024,2,Holding since IPO ,2024-10-10
Another great stock,neutral,2024-10-11,2024,2,Holding since IPO ,2024-10-10
Ghanta great stock,neutral,2024-10-12,2024,1,Holding since IPO ,2024-10-10
I means what tijori is?,neutral,2025-04-06,2025,1,All these companies rake in 40-80% of their revenue from the USA,2025-04-04
"Are woh japan,china,usa,uk,etc ke facilities aur infrastructure provide karte hai woh bhi dikha dete toh ğŸ‘‰ğŸ‘ˆğŸ¥º",bullish,2025-03-13,2025,18,Capital Gains Tax: India vs few other countries,2025-03-13
Other country ki devolopment aur salary bhi dekhna,neutral,2025-03-13,2025,1,Capital Gains Tax: India vs few other countries,2025-03-13
"Chalo accha hai. Since no one will have any profit or money there will be no tax.

Ek kaam Karo 100% Kar do",bullish,2025-03-14,2025,1,Capital Gains Tax: India vs few other countries,2025-03-13
kehna kya chahte ho?,neutral,2025-03-15,2025,1,Capital Gains Tax: India vs few other countries,2025-03-13
Remove the pharmaceuticals stocks.,neutral,2025-04-10,2025,1,Indian Companies Exposure to USA & their Sales contribution,2025-04-09
Let me share . Thanks you.,neutral,2025-04-09,2025,3,Indian Companies Exposure to USA & their Sales contribution,2025-04-09
Great stock to own. Could be 200 in no time.,neutral,2025-04-10,2025,1,Indian Companies Exposure to USA & their Sales contribution,2025-04-09
Please share the source,neutral,2025-04-11,2025,1,Indian Companies Exposure to USA & their Sales contribution,2025-04-09
Let me share. Thank you,neutral,2025-04-12,2025,1,Indian Companies Exposure to USA & their Sales contribution,2025-04-09
Maine toh bhut pehle hi nikal liya tha chutiya stock h,neutral,2024-12-06,2024,3,Thanks to random anonymous reddit user,2024-12-06
You have the link to the post from 2 months ago where this person exposed the company?,neutral,2024-12-06,2024,2,Thanks to random anonymous reddit user,2024-12-06
Gira q hai aaj itna?,bearish,2024-12-06,2024,1,Thanks to random anonymous reddit user,2024-12-06
"till this day, this is the only stock that gave me 2x return within 1 month back in May, 2022",neutral,2024-12-09,2024,1,Thanks to random anonymous reddit user,2024-12-06
Long term mai kyu laga rha hai bhai short term laga le.. waise bhi ek saal cross ke baad agr profit 1.25Lac ke andr hai 5 6 saal ye usse jyada tk toh koi tax bhi nhi lagega .. toh ek 3 saal ke hisab se laga le agr lag rha increase hoga fir ek saal baad profit book krke exit krle simple.. stock mai ye sab mat dekh kon kitna jayega ya nhi jayega low price mai book kr high price mai sell kr hogya profit.. bas tax waali baat yaad rkh,neutral,2024-12-11,2024,1,Thanks to random anonymous reddit user,2024-12-06
ye kya 10-20rs wale chutiye stocks me paise lagate ho bhai log koi achi company me lagao ğŸ˜­,neutral,2024-12-07,2024,0,Thanks to random anonymous reddit user,2024-12-06
Bro read the caption,bullish,2024-12-06,2024,6,Thanks to random anonymous reddit user,2024-12-06
read the post completely before jumping to conclusions,bullish,2024-12-06,2024,23,Thanks to random anonymous reddit user,2024-12-06
can you share a ss by sorting profit/loss percentage high to low,neutral,2025-05-16,2025,3,Crossed 1 Crore today,2025-05-16
"Brother I want to know how to add money  in zerodha 
More than 1 lakh kyuki upi se to ek din me 1 lakh hi hota hai max limit to aap net banking se kiye the kya brother please batana thoda ya koi aur cheez hai",neutral,2025-05-16,2025,2,Crossed 1 Crore today,2025-05-16
Bhai 78 stocks sahi hain har roz koi upper circuit maarta hoga koi lower. Jaisa mood hai waise celebrate kar lo,bullish,2025-05-16,2025,2,Crossed 1 Crore today,2025-05-16
What is the xirr?,neutral,2025-05-17,2025,1,Crossed 1 Crore today,2025-05-16
"Bhai jo bhi keh raha hai 78 stock bahut jyada hai mukul Agarwal k pass 60 plus stock hai his net worth is 6000 cr 
Aur ye baat wo hi logg bol rahe jinke demat account may 2 lakh k bhi share nhi hongay 
So bahut acha portfolio",bullish,2025-05-17,2025,1,Crossed 1 Crore today,2025-05-16
Tum log kya khaake itna kamate ho,neutral,2025-05-17,2025,1,Crossed 1 Crore today,2025-05-16
Ye portfolio thodi hai... Ye toh Mutual fund hai ğŸ˜‚,neutral,2025-05-17,2025,1,Crossed 1 Crore today,2025-05-16
Confirm hone do phele abhi se biryani ke sapne maat dekho,neutral,2025-06-16,2025,1,How it will going to impact oil stocks?,2025-06-15
"Bhai sabar karo

Lithium bhi mila tha",neutral,2025-06-16,2025,1,How it will going to impact oil stocks?,2025-06-15
Man sad to see India doing the kind of â€œbrink ofâ€ news stories we see from Pakistan all the time,neutral,2025-06-16,2025,1,How it will going to impact oil stocks?,2025-06-15
This is indirectly good for the market. Slash all the red tape.,bullish,2025-03-11,2025,1,"Do you think the market will fall because of the recent ""forced"" reduced tariffs of india?",2025-03-08
Keep calm kuch nahi hoga this orange dog likes to bark not bite.,neutral,2025-03-08,2025,1,"Do you think the market will fall because of the recent ""forced"" reduced tariffs of india?",2025-03-08
Bhai dekh baat h tumhne invest kab kise time kiyaa tha agar kafi time s invested ho aur tab b sirf itna gain mila to nikl do aur agar short term ka itna gain h to padhe rhne do yaa fir best saari cost nikl kr sorf 30lakh k profit par rhne do portfolio bkki in the end its your choice bhai,bullish,2025-02-07,2025,2,Sell time? Big win,2025-02-07
Matt dikhao bhai yeh sab BT aati hai,neutral,2025-02-08,2025,1,Sell time? Big win,2025-02-07
Name of the app?,neutral,2025-04-23,2025,1,Sell time? Big win,2025-02-07
-2.5% down from - 20% last year,neutral,2023-12-30,2023,2,"At the end of the year, I got a 46% return this year. How much return did you get this year?",2023-12-30
People from new era flaunt their small success like this now daysâ€¦ Inam from the era even tho you make 10-15 lakh in profits people say aare kuch nahi bas kuch chillar kamai hai,bullish,2023-12-31,2023,0,"At the end of the year, I got a 46% return this year. How much return did you get this year?",2023-12-30
Which stock is this,neutral,2023-12-30,2023,1,"At the end of the year, I got a 46% return this year. How much return did you get this year?",2023-12-30
Grows UI is winning them the market share,bullish,2024-02-29,2024,20,Zerodha's market share is shrinking?,2024-02-29
who has that 19.4% share?,neutral,2024-02-29,2024,3,Zerodha's market share is shrinking?,2024-02-29
So that means zeordha...... 0,bullish,2024-02-29,2024,11,Zerodha's market share is shrinking?,2024-02-29
Maybe physical shareğŸ™„,neutral,2024-02-29,2024,1,Zerodha's market share is shrinking?,2024-02-29
What does p means here,neutral,2025-07-18,2025,1,I regret not buying more ITC at those levels â˜¹ï¸,2025-07-18
is Goldbees a decent stock?,neutral,2025-07-18,2025,1,I regret not buying more ITC at those levels â˜¹ï¸,2025-07-18
Don't have regrets in the stock market. No one knows what will do well exactly to the T. Think about the future and don't regret about the past,neutral,2025-07-18,2025,1,I regret not buying more ITC at those levels â˜¹ï¸,2025-07-18
How to know what is the right levels ?,neutral,2025-07-19,2025,1,I regret not buying more ITC at those levels â˜¹ï¸,2025-07-18
Humre PM to hass rahe the jab Trump reciprocal tariff laga raha tha.,bullish,2025-03-05,2025,8,China's Embassy in the US posted this on Donald Trump's tarriff policy,2025-03-05
"Thank you bhai, ham pe toh twitter hai hi nhi, krle karma farming (sorry agr aur koi reason hoga toh)",bearish,2025-03-05,2025,-7,China's Embassy in the US posted this on Donald Trump's tarriff policy,2025-03-05
"Sale wo hass rahe the kyu ki aapne par sabh se kam impact hua hai ğŸ˜‚ğŸ˜‚ Baki china , Mexico aur Canada ki laga di puri ki puri",neutral,2025-03-07,2025,1,China's Embassy in the US posted this on Donald Trump's tarriff policy,2025-03-05
gand fati to has rha tha,neutral,2025-03-06,2025,0,China's Embassy in the US posted this on Donald Trump's tarriff policy,2025-03-05
To kya kare? Abhi to mil ke aye the ab chutiya trump ke sar pe khoon sawar hai to kya kare? China ke pairo ki dhool bhi nhi hai India.,neutral,2025-03-07,2025,0,China's Embassy in the US posted this on Donald Trump's tarriff policy,2025-03-05
new to reddit. kya hoga karma farming se?,neutral,2025-03-05,2025,4,China's Embassy in the US posted this on Donald Trump's tarriff policy,2025-03-05
Bahi mera paas nhi h twitter toh mujhe toh problem nhi hain iska post se ğŸ‘…,neutral,2025-03-06,2025,2,China's Embassy in the US posted this on Donald Trump's tarriff policy,2025-03-05
You bought during a stock market crash.,neutral,2025-04-08,2025,1,My First ever trade,2025-04-07
Chhod de beta  option trading abhi bahut umar pdi hai,neutral,2025-04-08,2025,1,My First ever trade,2025-04-07
"Bro ruk ja isme matt par, stocks me invest kar ye daldal hai tujhe niche hi kichega, has a similar first trade +9000 and then over a period of one month lost more then 50k, a lot of money for an 18m. Jo bhi kar sambhal ke karna",bullish,2025-04-09,2025,1,My First ever trade,2025-04-07
"Itni hariyali dekh ke toh kaafi jealousy hui. But congrats brother. Well done, you have outperformed the market",neutral,2024-11-16,2024,5,This is how a 4 year old portfolio should look like. XIRR is 30%. Note: No stocks are recommended from this portfolio,2024-11-16
The risk adjusted returns of ur portfolio r very less for a  4 year old portfolio. Isse achha koi achha sa active mutual fund me invest krte to isse zyada return milte isse kam risk me.,bullish,2024-11-16,2024,3,This is how a 4 year old portfolio should look like. XIRR is 30%. Note: No stocks are recommended from this portfolio,2024-11-16
Bhai Jan mai aur screenshot bhejna jarur ğŸ˜‚,neutral,2024-11-17,2024,1,This is how a 4 year old portfolio should look like. XIRR is 30%. Note: No stocks are recommended from this portfolio,2024-11-16
Patience is the key,neutral,2025-02-07,2025,3,How fucked am i,2025-02-07
Three-S(t)o(ks)me.,neutral,2025-02-07,2025,2,How fucked am i,2025-02-07
Hello papa mere portfolio ki toh maa ch**gyi hai yaar,neutral,2025-02-07,2025,2,How fucked am i,2025-02-07
Lmao ğŸ˜‚ I got the reference,neutral,2024-01-27,2024,1,Why this meme is soo close to my reality,2024-01-26
Samjha nhi ye he kya,bullish,2025-03-28,2025,7,Rate my investment....,2025-03-28
Bahi apne to Kamal kar diya dhoti faad ke rumal kar diya real investor to app ho hum to 5-6 hazar loss kar ke bethe he,neutral,2025-03-28,2025,3,Rate my investment....,2025-03-28
Ajj to ak share ka price 5400 some ting ho gaya he uss time per apne 168 me liya tha wah abhi koi ak share kharid bhi le to  koi jada fark nahi padne wala  kamse kam 10 -15 sal ke bad hi achhe return mil sakta he mere hisab se ager abhi invest kare,neutral,2025-03-28,2025,3,Rate my investment....,2025-03-28
"Ab vapas bonus de raha h.
1 pe 2",neutral,2025-03-29,2025,2,Rate my investment....,2025-03-28
Bhai please send me your feet ka photo.,neutral,2025-03-30,2025,2,Rate my investment....,2025-03-28
Yeh kaun sa share hai?,neutral,2025-03-28,2025,1,Rate my investment....,2025-03-28
Which company is it?,neutral,2025-03-31,2025,1,Rate my investment....,2025-03-28
Now is the right time.....fair valuation......,neutral,2025-03-03,2025,1,"Guys,tell me a right price to buy this",2025-03-03
good to go at 1010-1000,bullish,2025-03-03,2025,1,"Guys,tell me a right price to buy this",2025-03-03
What's the next support,neutral,2025-03-04,2025,1,"Guys,tell me a right price to buy this",2025-03-03
"Yes sir, no plans to sell",bearish,2025-07-20,2025,4,Patience is the key,2025-07-20
"You cant time the market, its easily said than done. I am in no hurry to utilise the fund anywhere",neutral,2025-07-22,2025,1,Patience is the key,2025-07-20
"Pura Desh dara hua bhai.
You arenâ€™t aloneğŸ¥²",neutral,2025-02-18,2025,3,"I am scared, What should I do?",2025-02-18
"â€œAbhi toh yeh pehli manzil hai tum toh abhi se ghabra gayeâ€

Just hold and forget you ever invested.",bullish,2025-02-18,2025,2,"I am scared, What should I do?",2025-02-18
Dekho bhai scared tab hona tha jab invest nahi kiya tha,bullish,2025-02-18,2025,2,"I am scared, What should I do?",2025-02-18
Hamaar dekhba toh darr jaiba,neutral,2025-02-21,2025,2,"I am scared, What should I do?",2025-02-18
[Hum depression me abhi hai ](https://www.youtube.com/watch?v=3oIqMkCPJvA&ab_channel=NoCopyrightMemes),neutral,2025-02-18,2025,1,"I am scared, What should I do?",2025-02-18
Kuch dino baad regret of not selling at the right time,bearish,2025-07-23,2025,2,Regret not adding more!,2025-07-22
it will surely go down bss ye dekhna pdega ki kitna or niche girega ye,bullish,2025-03-11,2025,9,Bought this today...thoughts?,2025-03-11
Reminds me of yes bank share fall,bullish,2025-03-11,2025,7,Bought this today...thoughts?,2025-03-11
thoughts tu he hum sab ko batayega ye hafte mein ğŸ˜†,neutral,2025-03-11,2025,1,Bought this today...thoughts?,2025-03-11
"Laal button. 




Nahi dabana tha.",neutral,2025-03-11,2025,1,Bought this today...thoughts?,2025-03-11
Chu\* gaye guru aur kya,neutral,2025-03-11,2025,1,Bought this today...thoughts?,2025-03-11
The name of the bank justifies it's share value,neutral,2025-03-11,2025,1,Bought this today...thoughts?,2025-03-11
Maut ka nagna naach hoga kal bhi issme,neutral,2025-03-11,2025,1,Bought this today...thoughts?,2025-03-11
Entire market is falling,neutral,2025-03-12,2025,1,Bought this today...thoughts?,2025-03-11
Mauz aagyi. +%5 first day me he,neutral,2025-03-12,2025,1,Bought this today...thoughts?,2025-03-11
"Pehle put, fir call. Kyunki tariffs ko upfront cost mai hi adjust karwa denge, jisse overall cost US ke log hi bare karenge. To initially put lo, long time ka dekh ke call le sakte hain",neutral,2025-04-03,2025,3,Nifty call or put?,2025-04-03
Are re inhone to penguin ko bhi nehi choda uspe bhi tariff laga dala ğŸ¤£ğŸ¤£ ..... Ek island hai chota sa jahan penguin jyada rehte hain .... Uspe 10% tariff laga dala haiğŸ¤£,neutral,2025-04-03,2025,2,Nifty call or put?,2025-04-03
Barabar bola tha,neutral,2025-04-03,2025,3,Nifty call or put?,2025-04-03
Chutiya h ye put only,bullish,2025-04-03,2025,18,Nifty call or put?,2025-04-03
Kharida kya Put?,neutral,2025-04-03,2025,3,Nifty call or put?,2025-04-03
Bmw check kari ? Kaunsi leni h ya suggestions du,neutral,2025-04-09,2025,4,My first trade,2025-04-09
Par mera profit 50rs thaa yeh mujhe account mein 100rs ka loss kaise dikhaa raha hai ğŸ¤£ğŸ¤£ğŸ¤£ğŸ¤£,neutral,2025-04-09,2025,1,My first trade,2025-04-09
"Bhai mat kar mai bata raha hu ek week 50k vanish ho gaya tha,  thanks to a friend (stock market analyst) recovered 15k.... Lear first for atleast  6 month then go for this.
Advice from a newcomer to newcomer baki your choice",neutral,2025-04-09,2025,1,My first trade,2025-04-09
"deek bro ek baar buy kar ke sell kiya tho 50-60 normally lag jaht tho agar tune sirf 2 trade liya tho 100-120 loss hai 48 positive mai ho tum tho 

net net tumare account see tumare account see 50-60 rupay katenge",bearish,2025-04-09,2025,1,My first trade,2025-04-09
"Bhai Contract note aaya?? 

Rona mat bhai sbke sath hota h ek na ek baariğŸ«‚",neutral,2025-04-10,2025,1,My first trade,2025-04-09
Bass bhai zero kab increase ho jaye ge pata hi nhi chale ga.,neutral,2025-04-10,2025,1,My first trade,2025-04-09
kya mein apke fund me apna SIP kar sakta hun ? ğŸ˜„,bullish,2025-03-02,2025,17,Here's my portfolio: Investing for the long term. Your view on this?,2025-03-02
Is this your portfolio or the entire stock market ğŸ˜,neutral,2025-03-02,2025,4,Here's my portfolio: Investing for the long term. Your view on this?,2025-03-02
ise jila ghoshit kyu nahi kr dete?,neutral,2025-03-02,2025,2,Here's my portfolio: Investing for the long term. Your view on this?,2025-03-02
Bhai ka khudka nifty 50,neutral,2025-03-02,2025,2,Here's my portfolio: Investing for the long term. Your view on this?,2025-03-02
You own half of the stock market,neutral,2025-03-02,2025,2,Here's my portfolio: Investing for the long term. Your view on this?,2025-03-02
Bhai yeh portfolio hai ki mutual fundğŸ˜µâ€ğŸ’«ğŸ˜µâ€ğŸ’«,neutral,2025-03-02,2025,1,Here's my portfolio: Investing for the long term. Your view on this?,2025-03-02
Time to invest in Motilal Business cycle fund,bullish,2025-01-02,2025,1,What's your opinion,2025-01-02
Ara Bhoi Magr Mai Toh Opsan Treder Hu ğŸ¤¡ğŸ¤¡,neutral,2025-01-04,2025,1,What's your opinion,2025-01-02
Ap motialal walo se bhari reasearcher lagte ho,neutral,2025-01-02,2025,5,What's your opinion,2025-01-02
3.9 daal ke 36L ka profit? Property ka naam sune ho?,bullish,2025-01-09,2025,1,What say guys? Double down? ,2025-01-08
Todayâ€™s profit/loss : -5.35 lakhs ğŸ¤¯,neutral,2025-01-12,2025,1,What say guys? Double down? ,2025-01-08
Pata lage toh batana.,bullish,2025-03-24,2025,23,What does this mean,2025-03-24
This means kisi ke L lag gaye,neutral,2025-03-24,2025,3,What does this mean,2025-03-24
Fill in the blanks.,neutral,2025-03-24,2025,3,What does this mean,2025-03-24
Iska matlab wohi,neutral,2025-03-24,2025,2,What does this mean,2025-03-24
It means you fu**** up . It will take time to recover Now the trend is downtrend.,neutral,2025-03-24,2025,3,What does this mean,2025-03-24
Black hole of share market,neutral,2025-03-25,2025,1,What does this mean,2025-03-24
Itne returns ğŸ§ğŸ˜ğŸ¥³ Aap to mahan ho maharaj..please guide me about stock selection.. I'm a newcomer,bullish,2025-03-20,2025,25,Please review my portfolio,2025-03-19
Bro was fucking the market when market fucked everyone ğŸ’€,bullish,2025-03-20,2025,8,Please review my portfolio,2025-03-19
"Jesus, the first profile that made me happy  past two months",neutral,2025-03-20,2025,2,Please review my portfolio,2025-03-19
21 dinn me paisa double,neutral,2025-03-20,2025,1,Please review my portfolio,2025-03-19
Bhai nazar lag jayegi ğŸ™‚ğŸ™‚,neutral,2025-03-20,2025,1,Please review my portfolio,2025-03-19
Brooo kaha se kaise kya research kar raha hai let us know yaar ğŸ˜¬ kaafi sahi returns and on point stocks liye hue hai!!,bullish,2025-03-20,2025,1,Please review my portfolio,2025-03-19
I dare you to share verified p&l,neutral,2024-12-04,2024,3,Rate My Portfolio and Advice ?,2024-12-04
"Bhai itna amount lgane ka jigra laate kahan se ho?? ğŸ˜µâ€ğŸ’«
But congratulations. Lovely portfolio ğŸ’ğŸ‘",neutral,2024-12-04,2024,1,Rate My Portfolio and Advice ?,2024-12-04
Insider ho bhai tum?,neutral,2024-12-04,2024,1,Rate My Portfolio and Advice ?,2024-12-04
Bhai 2k donate karo mujee,neutral,2024-12-04,2024,1,Rate My Portfolio and Advice ?,2024-12-04
"Congratulations sir ji, hope we also get your blessings and to become a successful investor like you ğŸ™",bullish,2024-12-04,2024,1,Rate My Portfolio and Advice ?,2024-12-04
Advise aap do hum gareebo ko gurudev ğŸ™,neutral,2024-12-04,2024,1,Rate My Portfolio and Advice ?,2024-12-04
"Need to save money, a real company IPO",bullish,2024-02-06,2024,8,"Hyundai plans a $3 billion IPO for its India operation, valued at much to $30 billion, according to sources.",2024-02-06
Arpu is a month? Or a year?,neutral,2024-02-06,2024,1,"Hyundai plans a $3 billion IPO for its India operation, valued at much to $30 billion, according to sources.",2024-02-06
