Title,Ticker,Date,DateTime,Post_ID,Score,Num_Comments,Author,NumberOfTickerMentions,Is_Hinglish,Hinglish_Score,VADER_Sentiment,TextBlob_Sentiment,Combined_Sentiment,VADER_Negative,VADER_Positive,VADER_Neutral,TextBlob_Negative,TextBlob_Positive,TextBlob_Neutral
This is what real ball looks like..,RELIANCE.NS,2025-03-05,2025-03-05 15:50:45,1j3zzyr,4415,154,Low-Hedgehog-2607,5,True,5,Positive,Positive,bullish,40,52,38,17,42,71
OMG Now What üò±,RELIANCE.NS,2025-08-06,2025-08-06 15:08:32,1mj06ka,1201,30,jaggdish,2,True,14,Negative,Positive,neutral,7,6,17,3,5,22
How do tariffs work?,RELIANCE.NS,2025-04-06,2025-04-06 00:37:27,1jsazq5,946,39,kroenenxss,1,True,10,Negative,Positive,neutral,15,11,11,2,14,21
Rate My Portfolio üòÅüòÅ,RELIANCE.NS,2024-11-06,2024-11-06 14:48:29,1gkuima,821,169,Senzo_bean,2,True,17,Positive,Positive,bullish,12,48,91,10,43,98
Holding since IPO,RELIANCE.NS,2024-10-10,2024-10-10 17:30:43,1g0h4mz,745,42,abskpr,1,True,10,Positive,Positive,bullish,3,19,18,2,15,23
Made some investments in 2016-2018 period and did not touch it.,RELIANCE.NS,2025-07-14,2025-07-14 15:36:01,1lzihjf,520,33,IdeatorExplorer,1,True,11,Positive,Positive,bullish,8,13,12,2,15,16
How it will going to impact oil stocks?,RELIANCE.NS,2025-06-15,2025-06-15 19:39:30,1lc17t8,414,117,Enough_Teach_3063,14,True,3,Positive,Positive,bullish,19,48,50,12,33,72
"Do you think the market will fall because of the recent ""forced"" reduced tariffs of india?",RELIANCE.NS,2025-03-08,2025-03-08 11:15:45,1j6ah1e,413,135,Autistic_kid-_,4,True,15,Positive,Positive,bullish,38,52,26,19,46,51
"At the end of the year, I got a 46% return this year. How much return did you get this year?",RELIANCE.NS,2023-12-30,2023-12-30 11:09:58,18u86fs,388,163,[deleted],7,True,7,Positive,Positive,bullish,11,48,92,8,35,108
India Tops Hong Kong as World‚Äôs Fourth-Largest Stock Market,RELIANCE.NS,2024-01-23,2024-01-23 11:22:29,19dhg74,368,27,penugondaz,4,True,8,Positive,Negative,neutral,6,12,10,7,4,17
Found Something Unexpected While Cleaning for Diwali,RELIANCE.NS,2025-10-03,2025-10-03 15:59:37,1nwvewk,345,71,Glittering-Paint-989,2,True,14,Positive,Positive,bullish,6,32,33,9,16,46
I regret not buying more ITC at those levels ‚òπÔ∏è,RELIANCE.NS,2025-07-18,2025-07-18 08:54:28,1m2rpe8,344,77,IdeatorExplorer,1,True,13,Positive,Positive,bullish,12,37,29,6,34,38
Zerodha CEO gives a detailed reply to a Reddit question on profitability & IPOs!,RELIANCE.NS,2025-09-16,2025-09-16 15:25:11,1nid6av,335,22,Just_Chill_Yaar,1,True,6,Positive,Positive,bullish,2,12,9,0,12,11
How fucked am i,RELIANCE.NS,2025-02-07,2025-02-07 13:14:28,1ijps4h,279,310,Maximal_Bookworm,2,True,6,Positive,Positive,bullish,35,66,93,20,47,127
I lost everything....,RELIANCE.NS,2025-09-17,2025-09-17 00:00:10,1nipm1i,253,233,pragon-k,1,True,6,Positive,Positive,bullish,47,56,51,18,39,97
Patience is the key,RELIANCE.NS,2025-07-20,2025-07-20 18:18:19,1m4o3jw,247,32,DapperMaxWho,2,True,13,Positive,Positive,bullish,6,14,13,2,11,20
"I am scared, What should I do?",RELIANCE.NS,2025-02-18,2025-02-18 12:19:46,1is6nkg,236,301,SPJIMRAlumni,12,True,12,Positive,Positive,bullish,30,48,70,21,41,86
Regret not adding more!,RELIANCE.NS,2025-07-22,2025-07-22 19:19:00,1m6elat,220,21,DapperMaxWho,2,True,9,Positive,Positive,bullish,3,9,9,1,9,11
Bought this today...thoughts?,RELIANCE.NS,2025-03-11,2025-03-11 16:09:16,1j8nslf,220,96,Amazing-Today-3138,3,True,10,Positive,Positive,bullish,16,24,52,9,21,62
Nifty call or put?,RELIANCE.NS,2025-04-03,2025-04-03 03:38:14,1jq1cya,214,25,[deleted],3,True,24,Positive,Positive,bullish,2,11,13,0,7,19
Here's my portfolio: Investing for the long term. Your view on this?,RELIANCE.NS,2025-03-02,2025-03-02 12:39:36,1j1l623,212,99,thechinmayanand,1,True,12,Positive,Positive,bullish,8,35,48,5,31,55
What say guys? Double down?,RELIANCE.NS,2025-01-08,2025-01-08 20:10:34,1hwlpcp,198,148,Emergency-Cat-9979,2,True,3,Positive,Positive,bullish,21,57,51,13,44,72
What does this mean,RELIANCE.NS,2025-03-24,2025-03-24 12:39:32,1jikxlx,193,74,Iiita_21755,1,True,4,Positive,Negative,neutral,8,19,38,11,10,44
Is this normal,RELIANCE.NS,2025-09-30,2025-09-30 18:22:27,1nucdew,187,129,Ilikemygirltitties,1,True,5,Positive,Positive,bullish,25,42,50,13,39,65
Stay or Leave?,RELIANCE.NS,2025-02-06,2025-02-06 20:33:12,1ij4jrl,168,173,Specialist_Square951,7,True,14,Positive,Positive,bullish,32,43,49,10,26,88
Trump has played the game well,RELIANCE.NS,2025-04-09,2025-04-09 23:01:02,1jvbkdv,167,57,Adventurous_Big_9474,1,True,3,Negative,Positive,neutral,21,19,16,7,10,39
"Indians Pay More for Petrol Than Americans, Chinese & Pakistanis, Even 40x More Than Iran!",RELIANCE.NS,2025-07-17,2025-07-17 18:16:03,1m26ld8,168,69,Traditional_Breath47,1,True,3,Negative,Positive,neutral,25,17,20,11,18,33
US markets are crazyyy,RELIANCE.NS,2025-07-15,2025-07-15 18:24:55,1m0h05n,146,85,Select-Diver4930,1,True,21,Positive,Positive,bullish,15,34,36,5,29,51
Buy now or wait ? Tell me experts,RELIANCE.NS,2025-09-26,2025-09-26 11:16:23,1nqtcx5,143,165,Aromatic-Sugarr,2,True,18,Positive,Positive,bullish,4,15,145,1,13,150
Rate this portfolio,RELIANCE.NS,2024-11-07,2024-11-07 11:02:26,1gljduv,138,47,Yashagarwal721,2,True,12,Positive,Positive,bullish,6,15,25,7,9,30
TCS: A buying opportunity? Please suggest.,RELIANCE.NS,2025-04-04,2025-04-04 08:17:02,1jr1lcc,126,71,Swimming-Werewolf353,1,True,12,Positive,Positive,bullish,20,26,19,10,21,34
Found my dad‚Äôs stock portfolio ‚Äî where do I start?,RELIANCE.NS,2025-05-30,2025-05-30 10:20:31,1kyvqe7,128,23,Glittering-Paint-989,4,True,10,Positive,Positive,bullish,2,8,12,0,11,11
Want to invest 3 lakhs in stocks. Need help!,RELIANCE.NS,2025-03-17,2025-03-17 16:19:02,1jd9rf2,122,50,Prior_Thanks_7175,1,True,10,Positive,Positive,bullish,3,30,16,5,21,23
Did something positive happen?,RELIANCE.NS,2025-04-07,2025-04-07 19:49:40,1jtmdof,120,28,Adventurous_Big_9474,1,True,6,Negative,Negative,bearish,11,7,11,8,5,16
